{
    "Ar36": {
        "error": 0.0010066676469482716, 
        "filter_outliers_dict": {
            "filter_outliers": true, 
            "iterations": 1, 
            "std_devs": 2
        }, 
        "fit": "Parabolic", 
        "value": 0.32875645790587904
    }, 
    "Ar37": {
        "error": 0.004791462188263748, 
        "filter_outliers_dict": {
            "filter_outliers": true, 
            "iterations": 1, 
            "std_devs": 2
        }, 
        "fit": "linear", 
        "value": 0.005410981147644825
    }, 
    "Ar38": {
        "error": 0.002112371377507189, 
        "filter_outliers_dict": {
            "filter_outliers": true, 
            "iterations": 1, 
            "std_devs": 2
        }, 
        "fit": "linear", 
        "value": 0.04294230519878423
    }, 
    "Ar39": {
        "error": 0.008584288545146451, 
        "filter_outliers_dict": {
            "filter_outliers": true, 
            "iterations": 1, 
            "std_devs": 2
        }, 
        "fit": "Parabolic", 
        "value": 0.01616704511169075
    }, 
    "Ar40": {
        "error": 0.013572577330365005, 
        "filter_outliers_dict": {
            "filter_outliers": true, 
            "iterations": 1, 
            "std_devs": 2
        }, 
        "fit": "Parabolic", 
        "value": 95.23733169906508
    }, 
    "Ar41": {
        "error": 0.005966582940236377, 
        "filter_outliers_dict": {
            "filter_outliers": true, 
            "iterations": 1, 
            "std_devs": 2
        }, 
        "fit": "linear", 
        "value": -0.16982174411111922
    }
}