{
    "Ar36": {
        "error": 0.0003268954623981413, 
        "filter_outliers_dict": {
            "filter_outliers": true, 
            "iterations": 1, 
            "std_devs": 2
        }, 
        "fit": "Parabolic", 
        "value": 0.031912233912964535
    }, 
    "Ar37": {
        "error": 0.004927563911795078, 
        "filter_outliers_dict": {
            "filter_outliers": true, 
            "iterations": 1, 
            "std_devs": 2
        }, 
        "fit": "linear", 
        "value": 0.008620958603409026
    }, 
    "Ar38": {
        "error": 0.0021401597883891964, 
        "filter_outliers_dict": {
            "filter_outliers": true, 
            "iterations": 1, 
            "std_devs": 2
        }, 
        "fit": "linear", 
        "value": 0.8671846509633202
    }, 
    "Ar39": {
        "error": 0.014567284761425771, 
        "filter_outliers_dict": {
            "filter_outliers": true, 
            "iterations": 1, 
            "std_devs": 2
        }, 
        "fit": "Parabolic", 
        "value": 69.3716541501986
    }, 
    "Ar40": {
        "error": 0.03555741385712164, 
        "filter_outliers_dict": {
            "filter_outliers": true, 
            "iterations": 1, 
            "std_devs": 2
        }, 
        "fit": "Parabolic", 
        "value": 865.1525140915743
    }, 
    "Ar41": {
        "error": 0.005657280943831379, 
        "filter_outliers_dict": {
            "filter_outliers": true, 
            "iterations": 1, 
            "std_devs": 2
        }, 
        "fit": "linear", 
        "value": -0.10356939252903828
    }
}